{
  "days_of_week": {
    "precision": 1.0,
    "recall": 0.8,
    "f1-score": 0.888888888888889,
    "support": 5,
    "confused_with": {}
  },
  "event_day": {
    "precision": 1.0,
    "recall": 1.0,
    "f1-score": 1.0,
    "support": 2,
    "confused_with": {}
  },
  "event_year": {
    "precision": 1.0,
    "recall": 1.0,
    "f1-score": 1.0,
    "support": 2,
    "confused_with": {}
  },
  "event_name_ent": {
    "precision": 0.9333333333333333,
    "recall": 0.7777777777777778,
    "f1-score": 0.8484848484848485,
    "support": 18,
    "confused_with": {}
  },
  "event_month": {
    "precision": 1.0,
    "recall": 1.0,
    "f1-score": 1.0,
    "support": 4,
    "confused_with": {}
  },
  "time": {
    "precision": 0.6,
    "recall": 1.0,
    "f1-score": 0.7499999999999999,
    "support": 3,
    "confused_with": {}
  },
  "event_time": {
    "precision": 0.0,
    "recall": 0.0,
    "f1-score": 0.0,
    "support": 2,
    "confused_with": {
      "time": 2
    }
  },
  "micro avg": {
    "precision": 0.90625,
    "recall": 0.8055555555555556,
    "f1-score": 0.8529411764705882,
    "support": 36
  },
  "macro avg": {
    "precision": 0.7904761904761904,
    "recall": 0.7968253968253968,
    "f1-score": 0.7839105339105339,
    "support": 36
  },
  "weighted avg": {
    "precision": 0.8777777777777778,
    "recall": 0.8055555555555556,
    "f1-score": 0.8324214365881032,
    "support": 36
  },
  "accuracy": 0.9806295399515739
}